{
    "type": "minecraft:crafting_shaped",
    
    "pattern": [
    "WFW"
    ],
    
    "key":
    {
        "F":
        {
            "item": "upgrade_aquatic:driftwood_fence"
        },
        
        "W":
        {
            "item": "upgrade_aquatic:driftwood_log"
        }
    },
    
    "result":
    {
        "item":  "mcwbridgesabnormals:driftwood_bridge_pier",
        "count": 3
    },
    "conditions": [
    {
      "type": "forge:mod_loaded",
      "modid": "upgrade_aquatic"
    }
  ]
}