{
    "type": "minecraft:crafting_shaped",
    
    "pattern": [
    "F F",
    "WWW"
    ],
    
    "key":
    {
        "F":
        {
            "item": "minecraft:string"
        },
        
        "W":
        {
            "item": "atmospheric:morado_slab"
        }
    },
    
    "result":
    {
        "item":  "mcwbridgesabnormals:rope_morado_bridge",
        "count": 4
    },
    "conditions": [
    {
      "type": "forge:mod_loaded",
      "modid": "atmospheric"
    }
  ]
}