{
    "type": "minecraft:crafting_shaped",
    
    "pattern": [
    "WFW"
    ],
    
    "key":
    {
        "F":
        {
            "item": "autumnity:snail_shell_brick_wall"
        },
        
        "W":
        {
            "item": "autumnity:snail_shell_bricks"
        }
    },
    
    "result":
    {
        "item":  "mcwbridgesabnormals:snail_shell_bricks_bridge_pier",
        "count": 3
    },
    "conditions": [
    {
      "type": "forge:mod_loaded",
      "modid": "autumnity"
    }
  ]
}