{
    "type": "minecraft:crafting_shaped",
    
    "pattern": [
    "F F",
    "WWW"
    ],
    
    "key":
    {
        "F":
        {
            "item": "autumnity:snail_shell_brick_wall"
        },
        
        "W":
        {
            "item": "autumnity:snail_shell_brick_slab"
        }
    },
    
    "result":
    {
        "item":  "mcwbridgesabnormals:snail_shell_bricks_bridge",
        "count": 4
    },
    "conditions": [
    {
      "type": "forge:mod_loaded",
      "modid": "autumnity"
    }
  ]
}