{
    "variants": {                                                                        
        "facing=north,north=false,south=false,torch=false":  { "model": "macawsbridgesbyg:block/stair/wood/aspen_double", "y": 270,"uvlock": true},
		"facing=north,north=false,south=true,torch=false":  { "model": "macawsbridgesbyg:block/stair/wood/aspen_right", "y": 270,"uvlock": true},
		"facing=north,north=true,south=false,torch=false":  { "model": "macawsbridgesbyg:block/stair/wood/aspen_left", "y": 270,"uvlock": true},

        "facing=west,west=false,east=false,torch=false":  { "model": "macawsbridgesbyg:block/stair/wood/aspen_double", "y": 180,"uvlock": true},
		"facing=west,west=false,east=true,torch=false":  { "model": "macawsbridgesbyg:block/stair/wood/aspen_right", "y": 180,"uvlock": true},
		"facing=west,west=true,east=false,torch=false":  { "model": "macawsbridgesbyg:block/stair/wood/aspen_left", "y": 180,"uvlock": true},

        "facing=south,south=false,north=false,torch=false":  { "model": "macawsbridgesbyg:block/stair/wood/aspen_double", "y": 90,"uvlock": true},
		"facing=south,south=false,north=true,torch=false":  { "model": "macawsbridgesbyg:block/stair/wood/aspen_right", "y": 90,"uvlock": true},
		"facing=south,south=true,north=false,torch=false":  { "model": "macawsbridgesbyg:block/stair/wood/aspen_left", "y": 90,"uvlock": true},

        "facing=east,east=false,west=false,torch=false":  { "model": "macawsbridgesbyg:block/stair/wood/aspen_double","uvlock": true},
		"facing=east,east=false,west=true,torch=false":  { "model": "macawsbridgesbyg:block/stair/wood/aspen_right","uvlock": true},
		"facing=east,east=true,west=false,torch=false":  { "model": "macawsbridgesbyg:block/stair/wood/aspen_left","uvlock": true},	

        "facing=north,north=true,south=true,torch=false":  { "model": "macawsbridgesbyg:block/stair/wood/aspen_base", "y": 270,"uvlock": true},
		"facing=east,east=true,west=true,torch=false":  { "model": "macawsbridgesbyg:block/stair/wood/aspen_base","uvlock": true},
		"facing=south,north=true,south=true,torch=false":  { "model": "macawsbridgesbyg:block/stair/wood/aspen_base", "y": 90,"uvlock": true},	
		"facing=west,east=true,west=true,torch=false":  { "model": "macawsbridgesbyg:block/stair/wood/aspen_base", "y": 180,"uvlock": true},
		
		
		
		
		
		"facing=north,north=false,south=false,torch=true":  { "model": "macawsbridgesbyg:block/stair/wood/aspen_double_torch", "y": 270,"uvlock": true},
		"facing=north,north=false,south=true,torch=true":  { "model": "macawsbridgesbyg:block/stair/wood/aspen_right_torch", "y": 270,"uvlock": true},
		"facing=north,north=true,south=false,torch=true":  { "model": "macawsbridgesbyg:block/stair/wood/aspen_left_torch", "y": 270,"uvlock": true},

        "facing=west,west=false,east=false,torch=true":  { "model": "macawsbridgesbyg:block/stair/wood/aspen_double_torch", "y": 180,"uvlock": true},
		"facing=west,west=false,east=true,torch=true":  { "model": "macawsbridgesbyg:block/stair/wood/aspen_right_torch", "y": 180,"uvlock": true},
		"facing=west,west=true,east=false,torch=true":  { "model": "macawsbridgesbyg:block/stair/wood/aspen_left_torch", "y": 180,"uvlock": true},

        "facing=south,south=false,north=false,torch=true":  { "model": "macawsbridgesbyg:block/stair/wood/aspen_double_torch", "y": 90,"uvlock": true},
		"facing=south,south=false,north=true,torch=true":  { "model": "macawsbridgesbyg:block/stair/wood/aspen_right_torch", "y": 90,"uvlock": true},
		"facing=south,south=true,north=false,torch=true":  { "model": "macawsbridgesbyg:block/stair/wood/aspen_left_torch", "y": 90,"uvlock": true},

        "facing=east,east=false,west=false,torch=true":  { "model": "macawsbridgesbyg:block/stair/wood/aspen_double_torch","uvlock": true},
		"facing=east,east=false,west=true,torch=true":  { "model": "macawsbridgesbyg:block/stair/wood/aspen_right_torch","uvlock": true},
		"facing=east,east=true,west=false,torch=true":  { "model": "macawsbridgesbyg:block/stair/wood/aspen_left_torch","uvlock": true},	

        "facing=north,north=true,south=true,torch=true":  { "model": "macawsbridgesbyg:block/stair/wood/aspen_base_torch", "y": 270,"uvlock": true},
		"facing=east,east=true,west=true,torch=true":  { "model": "macawsbridgesbyg:block/stair/wood/aspen_base_torch","uvlock": true},
		"facing=south,north=true,south=true,torch=true":  { "model": "macawsbridgesbyg:block/stair/wood/aspen_base_torch", "y": 90,"uvlock": true},	
		"facing=west,east=true,west=true,torch=true":  { "model": "macawsbridgesbyg:block/stair/wood/aspen_base_torch", "y": 180,"uvlock": true}




    }
}





