{
    "variants": {                                                                        
        "facing=north,powered=false":  { "model": "macawsbridgesbyg:block/bridge/rail/aspen", "y": 90},
		"facing=east,powered=false":  { "model": "macawsbridgesbyg:block/bridge/rail/aspen"},
		"facing=south,powered=false":  { "model": "macawsbridgesbyg:block/bridge/rail/aspen", "y": 90},
		"facing=west,powered=false":  { "model": "macawsbridgesbyg:block/bridge/rail/aspen"},

		"facing=north,powered=true":  { "model": "macawsbridgesbyg:block/bridge/rail/aspen_powered", "y": 90},
		"facing=east,powered=true":  { "model": "macawsbridgesbyg:block/bridge/rail/aspen_powered"},
		"facing=south,powered=true":  { "model": "macawsbridgesbyg:block/bridge/rail/aspen_powered", "y": 90},
		"facing=west,powered=true":  { "model": "macawsbridgesbyg:block/bridge/rail/aspen_powered"}			
    }
}