{
    "variants": {                                                                        
        "facing=north,powered=false":  { "model": "macawsbridgesbyg:block/bridge/rail/bulbis", "y": 90},
		"facing=east,powered=false":  { "model": "macawsbridgesbyg:block/bridge/rail/bulbis"},
		"facing=south,powered=false":  { "model": "macawsbridgesbyg:block/bridge/rail/bulbis", "y": 90},
		"facing=west,powered=false":  { "model": "macawsbridgesbyg:block/bridge/rail/bulbis"},

		"facing=north,powered=true":  { "model": "macawsbridgesbyg:block/bridge/rail/bulbis_powered", "y": 90},
		"facing=east,powered=true":  { "model": "macawsbridgesbyg:block/bridge/rail/bulbis_powered"},
		"facing=south,powered=true":  { "model": "macawsbridgesbyg:block/bridge/rail/bulbis_powered", "y": 90},
		"facing=west,powered=true":  { "model": "macawsbridgesbyg:block/bridge/rail/bulbis_powered"}			
    }
}