{
    "variants": {                                                                        
        "facing=north,powered=false":  { "model": "macawsbridgesbyg:block/bridge/rail/cika", "y": 90},
		"facing=east,powered=false":  { "model": "macawsbridgesbyg:block/bridge/rail/cika"},
		"facing=south,powered=false":  { "model": "macawsbridgesbyg:block/bridge/rail/cika", "y": 90},
		"facing=west,powered=false":  { "model": "macawsbridgesbyg:block/bridge/rail/cika"},

		"facing=north,powered=true":  { "model": "macawsbridgesbyg:block/bridge/rail/cika_powered", "y": 90},
		"facing=east,powered=true":  { "model": "macawsbridgesbyg:block/bridge/rail/cika_powered"},
		"facing=south,powered=true":  { "model": "macawsbridgesbyg:block/bridge/rail/cika_powered", "y": 90},
		"facing=west,powered=true":  { "model": "macawsbridgesbyg:block/bridge/rail/cika_powered"}			
    }
}