{
    "variants": {                                                                        
        "facing=north,powered=false":  { "model": "macawsbridgesbyg:block/bridge/rail/cypress", "y": 90},
		"facing=east,powered=false":  { "model": "macawsbridgesbyg:block/bridge/rail/cypress"},
		"facing=south,powered=false":  { "model": "macawsbridgesbyg:block/bridge/rail/cypress", "y": 90},
		"facing=west,powered=false":  { "model": "macawsbridgesbyg:block/bridge/rail/cypress"},

		"facing=north,powered=true":  { "model": "macawsbridgesbyg:block/bridge/rail/cypress_powered", "y": 90},
		"facing=east,powered=true":  { "model": "macawsbridgesbyg:block/bridge/rail/cypress_powered"},
		"facing=south,powered=true":  { "model": "macawsbridgesbyg:block/bridge/rail/cypress_powered", "y": 90},
		"facing=west,powered=true":  { "model": "macawsbridgesbyg:block/bridge/rail/cypress_powered"}			
    }
}