{
    "variants": {                                                                        
        "facing=north,powered=false":  { "model": "macawsbridgesbyg:block/bridge/rail/ether", "y": 90},
		"facing=east,powered=false":  { "model": "macawsbridgesbyg:block/bridge/rail/ether"},
		"facing=south,powered=false":  { "model": "macawsbridgesbyg:block/bridge/rail/ether", "y": 90},
		"facing=west,powered=false":  { "model": "macawsbridgesbyg:block/bridge/rail/ether"},

		"facing=north,powered=true":  { "model": "macawsbridgesbyg:block/bridge/rail/ether_powered", "y": 90},
		"facing=east,powered=true":  { "model": "macawsbridgesbyg:block/bridge/rail/ether_powered"},
		"facing=south,powered=true":  { "model": "macawsbridgesbyg:block/bridge/rail/ether_powered", "y": 90},
		"facing=west,powered=true":  { "model": "macawsbridgesbyg:block/bridge/rail/ether_powered"}			
    }
}