{
    "variants": {                                                                        
        "facing=north,powered=false":  { "model": "macawsbridgesbyg:block/bridge/rail/holly", "y": 90},
		"facing=east,powered=false":  { "model": "macawsbridgesbyg:block/bridge/rail/holly"},
		"facing=south,powered=false":  { "model": "macawsbridgesbyg:block/bridge/rail/holly", "y": 90},
		"facing=west,powered=false":  { "model": "macawsbridgesbyg:block/bridge/rail/holly"},

		"facing=north,powered=true":  { "model": "macawsbridgesbyg:block/bridge/rail/holly_powered", "y": 90},
		"facing=east,powered=true":  { "model": "macawsbridgesbyg:block/bridge/rail/holly_powered"},
		"facing=south,powered=true":  { "model": "macawsbridgesbyg:block/bridge/rail/holly_powered", "y": 90},
		"facing=west,powered=true":  { "model": "macawsbridgesbyg:block/bridge/rail/holly_powered"}			
    }
}