{
    "variants": {                                                                        
        "facing=north,powered=false":  { "model": "macawsbridgesbyg:block/bridge/rail/jacaranda", "y": 90},
		"facing=east,powered=false":  { "model": "macawsbridgesbyg:block/bridge/rail/jacaranda"},
		"facing=south,powered=false":  { "model": "macawsbridgesbyg:block/bridge/rail/jacaranda", "y": 90},
		"facing=west,powered=false":  { "model": "macawsbridgesbyg:block/bridge/rail/jacaranda"},

		"facing=north,powered=true":  { "model": "macawsbridgesbyg:block/bridge/rail/jacaranda_powered", "y": 90},
		"facing=east,powered=true":  { "model": "macawsbridgesbyg:block/bridge/rail/jacaranda_powered"},
		"facing=south,powered=true":  { "model": "macawsbridgesbyg:block/bridge/rail/jacaranda_powered", "y": 90},
		"facing=west,powered=true":  { "model": "macawsbridgesbyg:block/bridge/rail/jacaranda_powered"}			
    }
}