{
    "variants": {                                                                        
        "facing=north,powered=false":  { "model": "macawsbridgesbyg:block/bridge/rail/lament", "y": 90},
		"facing=east,powered=false":  { "model": "macawsbridgesbyg:block/bridge/rail/lament"},
		"facing=south,powered=false":  { "model": "macawsbridgesbyg:block/bridge/rail/lament", "y": 90},
		"facing=west,powered=false":  { "model": "macawsbridgesbyg:block/bridge/rail/lament"},

		"facing=north,powered=true":  { "model": "macawsbridgesbyg:block/bridge/rail/lament_powered", "y": 90},
		"facing=east,powered=true":  { "model": "macawsbridgesbyg:block/bridge/rail/lament_powered"},
		"facing=south,powered=true":  { "model": "macawsbridgesbyg:block/bridge/rail/lament_powered", "y": 90},
		"facing=west,powered=true":  { "model": "macawsbridgesbyg:block/bridge/rail/lament_powered"}			
    }
}