{
    "variants": {                                                                        
        "facing=north,powered=false":  { "model": "macawsbridgesbyg:block/bridge/rail/nightshade", "y": 90},
		"facing=east,powered=false":  { "model": "macawsbridgesbyg:block/bridge/rail/nightshade"},
		"facing=south,powered=false":  { "model": "macawsbridgesbyg:block/bridge/rail/nightshade", "y": 90},
		"facing=west,powered=false":  { "model": "macawsbridgesbyg:block/bridge/rail/nightshade"},

		"facing=north,powered=true":  { "model": "macawsbridgesbyg:block/bridge/rail/nightshade_powered", "y": 90},
		"facing=east,powered=true":  { "model": "macawsbridgesbyg:block/bridge/rail/nightshade_powered"},
		"facing=south,powered=true":  { "model": "macawsbridgesbyg:block/bridge/rail/nightshade_powered", "y": 90},
		"facing=west,powered=true":  { "model": "macawsbridgesbyg:block/bridge/rail/nightshade_powered"}			
    }
}