{
    "variants": {                                                                        
        "facing=north,powered=false":  { "model": "macawsbridgesbyg:block/bridge/rail/pine", "y": 90},
		"facing=east,powered=false":  { "model": "macawsbridgesbyg:block/bridge/rail/pine"},
		"facing=south,powered=false":  { "model": "macawsbridgesbyg:block/bridge/rail/pine", "y": 90},
		"facing=west,powered=false":  { "model": "macawsbridgesbyg:block/bridge/rail/pine"},

		"facing=north,powered=true":  { "model": "macawsbridgesbyg:block/bridge/rail/pine_powered", "y": 90},
		"facing=east,powered=true":  { "model": "macawsbridgesbyg:block/bridge/rail/pine_powered"},
		"facing=south,powered=true":  { "model": "macawsbridgesbyg:block/bridge/rail/pine_powered", "y": 90},
		"facing=west,powered=true":  { "model": "macawsbridgesbyg:block/bridge/rail/pine_powered"}			
    }
}