{
    "variants": {                                                                        
        "facing=north,powered=false":  { "model": "macawsbridgesbyg:block/bridge/rail/skyris", "y": 90},
		"facing=east,powered=false":  { "model": "macawsbridgesbyg:block/bridge/rail/skyris"},
		"facing=south,powered=false":  { "model": "macawsbridgesbyg:block/bridge/rail/skyris", "y": 90},
		"facing=west,powered=false":  { "model": "macawsbridgesbyg:block/bridge/rail/skyris"},

		"facing=north,powered=true":  { "model": "macawsbridgesbyg:block/bridge/rail/skyris_powered", "y": 90},
		"facing=east,powered=true":  { "model": "macawsbridgesbyg:block/bridge/rail/skyris_powered"},
		"facing=south,powered=true":  { "model": "macawsbridgesbyg:block/bridge/rail/skyris_powered", "y": 90},
		"facing=west,powered=true":  { "model": "macawsbridgesbyg:block/bridge/rail/skyris_powered"}			
    }
}