{
    "variants": {                                                                        
        "facing=north,powered=false":  { "model": "macawsbridgesbyg:block/bridge/rail/sythian", "y": 90},
		"facing=east,powered=false":  { "model": "macawsbridgesbyg:block/bridge/rail/sythian"},
		"facing=south,powered=false":  { "model": "macawsbridgesbyg:block/bridge/rail/sythian", "y": 90},
		"facing=west,powered=false":  { "model": "macawsbridgesbyg:block/bridge/rail/sythian"},

		"facing=north,powered=true":  { "model": "macawsbridgesbyg:block/bridge/rail/sythian_powered", "y": 90},
		"facing=east,powered=true":  { "model": "macawsbridgesbyg:block/bridge/rail/sythian_powered"},
		"facing=south,powered=true":  { "model": "macawsbridgesbyg:block/bridge/rail/sythian_powered", "y": 90},
		"facing=west,powered=true":  { "model": "macawsbridgesbyg:block/bridge/rail/sythian_powered"}			
    }
}