{
    "variants": {                                                                        
        "facing=north,powered=false":  { "model": "macawsbridgesbyg:block/bridge/rail/willow", "y": 90},
		"facing=east,powered=false":  { "model": "macawsbridgesbyg:block/bridge/rail/willow"},
		"facing=south,powered=false":  { "model": "macawsbridgesbyg:block/bridge/rail/willow", "y": 90},
		"facing=west,powered=false":  { "model": "macawsbridgesbyg:block/bridge/rail/willow"},

		"facing=north,powered=true":  { "model": "macawsbridgesbyg:block/bridge/rail/willow_powered", "y": 90},
		"facing=east,powered=true":  { "model": "macawsbridgesbyg:block/bridge/rail/willow_powered"},
		"facing=south,powered=true":  { "model": "macawsbridgesbyg:block/bridge/rail/willow_powered", "y": 90},
		"facing=west,powered=true":  { "model": "macawsbridgesbyg:block/bridge/rail/willow_powered"}			
    }
}