{
    "variants": {                                                                        
        "facing=north,powered=false":  { "model": "macawsbridgesbyg:block/bridge/rail/witch_hazel", "y": 90},
		"facing=east,powered=false":  { "model": "macawsbridgesbyg:block/bridge/rail/witch_hazel"},
		"facing=south,powered=false":  { "model": "macawsbridgesbyg:block/bridge/rail/witch_hazel", "y": 90},
		"facing=west,powered=false":  { "model": "macawsbridgesbyg:block/bridge/rail/witch_hazel"},

		"facing=north,powered=true":  { "model": "macawsbridgesbyg:block/bridge/rail/witch_hazel_powered", "y": 90},
		"facing=east,powered=true":  { "model": "macawsbridgesbyg:block/bridge/rail/witch_hazel_powered"},
		"facing=south,powered=true":  { "model": "macawsbridgesbyg:block/bridge/rail/witch_hazel_powered", "y": 90},
		"facing=west,powered=true":  { "model": "macawsbridgesbyg:block/bridge/rail/witch_hazel_powered"}			
    }
}