{
    "variants": {                                                                        
        "facing=north,powered=false":  { "model": "mcwbridgesmoddinglegacy:block/bridge/rail/bsky_frostbright", "y": 90},
		"facing=east,powered=false":  { "model": "mcwbridgesmoddinglegacy:block/bridge/rail/bsky_frostbright"},
		"facing=south,powered=false":  { "model": "mcwbridgesmoddinglegacy:block/bridge/rail/bsky_frostbright", "y": 90},
		"facing=west,powered=false":  { "model": "mcwbridgesmoddinglegacy:block/bridge/rail/bsky_frostbright"},

		"facing=north,powered=true":  { "model": "mcwbridgesmoddinglegacy:block/bridge/rail/bsky_frostbright_powered", "y": 90},
		"facing=east,powered=true":  { "model": "mcwbridgesmoddinglegacy:block/bridge/rail/bsky_frostbright_powered"},
		"facing=south,powered=true":  { "model": "mcwbridgesmoddinglegacy:block/bridge/rail/bsky_frostbright_powered", "y": 90},
		"facing=west,powered=true":  { "model": "mcwbridgesmoddinglegacy:block/bridge/rail/bsky_frostbright_powered"}			
    }
}


