{
    "variants": {                                                                        
        "facing=north,powered=false":  { "model": "mcwbridgesmoddinglegacy:block/bridge/rail/pwood_willow", "y": 90},
		"facing=east,powered=false":  { "model": "mcwbridgesmoddinglegacy:block/bridge/rail/pwood_willow"},
		"facing=south,powered=false":  { "model": "mcwbridgesmoddinglegacy:block/bridge/rail/pwood_willow", "y": 90},
		"facing=west,powered=false":  { "model": "mcwbridgesmoddinglegacy:block/bridge/rail/pwood_willow"},

		"facing=north,powered=true":  { "model": "mcwbridgesmoddinglegacy:block/bridge/rail/pwood_willow_powered", "y": 90},
		"facing=east,powered=true":  { "model": "mcwbridgesmoddinglegacy:block/bridge/rail/pwood_willow_powered"},
		"facing=south,powered=true":  { "model": "mcwbridgesmoddinglegacy:block/bridge/rail/pwood_willow_powered", "y": 90},
		"facing=west,powered=true":  { "model": "mcwbridgesmoddinglegacy:block/bridge/rail/pwood_willow_powered"}			
    }
}


