{
    "variants": {                                                                        
        "facing=north,powered=false":  { "model": "mcwbridgesabnormals:block/bridge/rail/grimwood", "y": 90},
		"facing=east,powered=false":  { "model": "mcwbridgesabnormals:block/bridge/rail/grimwood"},
		"facing=south,powered=false":  { "model": "mcwbridgesabnormals:block/bridge/rail/grimwood", "y": 90},
		"facing=west,powered=false":  { "model": "mcwbridgesabnormals:block/bridge/rail/grimwood"},

		"facing=north,powered=true":  { "model": "mcwbridgesabnormals:block/bridge/rail/grimwood_powered", "y": 90},
		"facing=east,powered=true":  { "model": "mcwbridgesabnormals:block/bridge/rail/grimwood_powered"},
		"facing=south,powered=true":  { "model": "mcwbridgesabnormals:block/bridge/rail/grimwood_powered", "y": 90},
		"facing=west,powered=true":  { "model": "mcwbridgesabnormals:block/bridge/rail/grimwood_powered"}			
    }
}