{
    "variants": {                                                                        
        "facing=north,powered=false":  { "model": "mcwbridgesabnormals:block/bridge/rail/morado", "y": 90},
		"facing=east,powered=false":  { "model": "mcwbridgesabnormals:block/bridge/rail/morado"},
		"facing=south,powered=false":  { "model": "mcwbridgesabnormals:block/bridge/rail/morado", "y": 90},
		"facing=west,powered=false":  { "model": "mcwbridgesabnormals:block/bridge/rail/morado"},

		"facing=north,powered=true":  { "model": "mcwbridgesabnormals:block/bridge/rail/morado_powered", "y": 90},
		"facing=east,powered=true":  { "model": "mcwbridgesabnormals:block/bridge/rail/morado_powered"},
		"facing=south,powered=true":  { "model": "mcwbridgesabnormals:block/bridge/rail/morado_powered", "y": 90},
		"facing=west,powered=true":  { "model": "mcwbridgesabnormals:block/bridge/rail/morado_powered"}			
    }
}