{
    "variants": {                                                                        
        "facing=north,powered=false":  { "model": "mcwbridgesabnormals:block/bridge/rail/poise", "y": 90},
		"facing=east,powered=false":  { "model": "mcwbridgesabnormals:block/bridge/rail/poise"},
		"facing=south,powered=false":  { "model": "mcwbridgesabnormals:block/bridge/rail/poise", "y": 90},
		"facing=west,powered=false":  { "model": "mcwbridgesabnormals:block/bridge/rail/poise"},

		"facing=north,powered=true":  { "model": "mcwbridgesabnormals:block/bridge/rail/poise_powered", "y": 90},
		"facing=east,powered=true":  { "model": "mcwbridgesabnormals:block/bridge/rail/poise_powered"},
		"facing=south,powered=true":  { "model": "mcwbridgesabnormals:block/bridge/rail/poise_powered", "y": 90},
		"facing=west,powered=true":  { "model": "mcwbridgesabnormals:block/bridge/rail/poise_powered"}			
    }
}