{
    "variants": {                                                                        
        "facing=north,powered=false":  { "model": "mcwbridgesabnormals:block/bridge/rail/river", "y": 90},
		"facing=east,powered=false":  { "model": "mcwbridgesabnormals:block/bridge/rail/river"},
		"facing=south,powered=false":  { "model": "mcwbridgesabnormals:block/bridge/rail/river", "y": 90},
		"facing=west,powered=false":  { "model": "mcwbridgesabnormals:block/bridge/rail/river"},

		"facing=north,powered=true":  { "model": "mcwbridgesabnormals:block/bridge/rail/river_powered", "y": 90},
		"facing=east,powered=true":  { "model": "mcwbridgesabnormals:block/bridge/rail/river_powered"},
		"facing=south,powered=true":  { "model": "mcwbridgesabnormals:block/bridge/rail/river_powered", "y": 90},
		"facing=west,powered=true":  { "model": "mcwbridgesabnormals:block/bridge/rail/river_powered"}			
    }
}