{
    "variants": {                                                                        
        "facing=north,powered=false":  { "model": "macawsbridgesbop:block/bridge/rail/magic", "y": 90},
		"facing=east,powered=false":  { "model": "macawsbridgesbop:block/bridge/rail/magic"},
		"facing=south,powered=false":  { "model": "macawsbridgesbop:block/bridge/rail/magic", "y": 90},
		"facing=west,powered=false":  { "model": "macawsbridgesbop:block/bridge/rail/magic"},

		"facing=north,powered=true":  { "model": "macawsbridgesbop:block/bridge/rail/magic_powered", "y": 90},
		"facing=east,powered=true":  { "model": "macawsbridgesbop:block/bridge/rail/magic_powered"},
		"facing=south,powered=true":  { "model": "macawsbridgesbop:block/bridge/rail/magic_powered", "y": 90},
		"facing=west,powered=true":  { "model": "macawsbridgesbop:block/bridge/rail/magic_powered"}			
    }
}


