{
    "variants": {                                                                        
        "facing=north,powered=false":  { "model": "macawsbridgesbop:block/bridge/rail/mahogany", "y": 90},
		"facing=east,powered=false":  { "model": "macawsbridgesbop:block/bridge/rail/mahogany"},
		"facing=south,powered=false":  { "model": "macawsbridgesbop:block/bridge/rail/mahogany", "y": 90},
		"facing=west,powered=false":  { "model": "macawsbridgesbop:block/bridge/rail/mahogany"},

		"facing=north,powered=true":  { "model": "macawsbridgesbop:block/bridge/rail/mahogany_powered", "y": 90},
		"facing=east,powered=true":  { "model": "macawsbridgesbop:block/bridge/rail/mahogany_powered"},
		"facing=south,powered=true":  { "model": "macawsbridgesbop:block/bridge/rail/mahogany_powered", "y": 90},
		"facing=west,powered=true":  { "model": "macawsbridgesbop:block/bridge/rail/mahogany_powered"}			
    }
}


