{
    "variants": {                                                                        
        "facing=north,powered=false":  { "model": "macawsbridgesenvironmental:block/bridge/rail/cherry", "y": 90},
		"facing=east,powered=false":  { "model": "macawsbridgesenvironmental:block/bridge/rail/cherry"},
		"facing=south,powered=false":  { "model": "macawsbridgesenvironmental:block/bridge/rail/cherry", "y": 90},
		"facing=west,powered=false":  { "model": "macawsbridgesenvironmental:block/bridge/rail/cherry"},

		"facing=north,powered=true":  { "model": "macawsbridgesenvironmental:block/bridge/rail/cherry_powered", "y": 90},
		"facing=east,powered=true":  { "model": "macawsbridgesenvironmental:block/bridge/rail/cherry_powered"},
		"facing=south,powered=true":  { "model": "macawsbridgesenvironmental:block/bridge/rail/cherry_powered", "y": 90},
		"facing=west,powered=true":  { "model": "macawsbridgesenvironmental:block/bridge/rail/cherry_powered"}			
    }
}


