{
    "variants": {                                                                        
        "facing=north,powered=false":  { "model": "macawsbridgesupgrade_aquatic:block/bridge/rail/driftwood", "y": 90},
		"facing=east,powered=false":  { "model": "macawsbridgesupgrade_aquatic:block/bridge/rail/driftwood"},
		"facing=south,powered=false":  { "model": "macawsbridgesupgrade_aquatic:block/bridge/rail/driftwood", "y": 90},
		"facing=west,powered=false":  { "model": "macawsbridgesupgrade_aquatic:block/bridge/rail/driftwood"},

		"facing=north,powered=true":  { "model": "macawsbridgesupgrade_aquatic:block/bridge/rail/driftwood_powered", "y": 90},
		"facing=east,powered=true":  { "model": "macawsbridgesupgrade_aquatic:block/bridge/rail/driftwood_powered"},
		"facing=south,powered=true":  { "model": "macawsbridgesupgrade_aquatic:block/bridge/rail/driftwood_powered", "y": 90},
		"facing=west,powered=true":  { "model": "macawsbridgesupgrade_aquatic:block/bridge/rail/driftwood_powered"}			
    }
}


