{
    "variants": {                                                                        
        "facing=north,powered=false":  { "model": "macawsbridgesatmospheric:block/bridge/rail/kousa", "y": 90},
		"facing=east,powered=false":  { "model": "macawsbridgesatmospheric:block/bridge/rail/kousa"},
		"facing=south,powered=false":  { "model": "macawsbridgesatmospheric:block/bridge/rail/kousa", "y": 90},
		"facing=west,powered=false":  { "model": "macawsbridgesatmospheric:block/bridge/rail/kousa"},

		"facing=north,powered=true":  { "model": "macawsbridgesatmospheric:block/bridge/rail/kousa_powered", "y": 90},
		"facing=east,powered=true":  { "model": "macawsbridgesatmospheric:block/bridge/rail/kousa_powered"},
		"facing=south,powered=true":  { "model": "macawsbridgesatmospheric:block/bridge/rail/kousa_powered", "y": 90},
		"facing=west,powered=true":  { "model": "macawsbridgesatmospheric:block/bridge/rail/kousa_powered"}			
    }
}


