{
    "variants": {                                                                        
        "facing=north,powered=false":  { "model": "macawsbridgesatmospheric:block/bridge/rail/rosewood", "y": 90},
		"facing=east,powered=false":  { "model": "macawsbridgesatmospheric:block/bridge/rail/rosewood"},
		"facing=south,powered=false":  { "model": "macawsbridgesatmospheric:block/bridge/rail/rosewood", "y": 90},
		"facing=west,powered=false":  { "model": "macawsbridgesatmospheric:block/bridge/rail/rosewood"},

		"facing=north,powered=true":  { "model": "macawsbridgesatmospheric:block/bridge/rail/rosewood_powered", "y": 90},
		"facing=east,powered=true":  { "model": "macawsbridgesatmospheric:block/bridge/rail/rosewood_powered"},
		"facing=south,powered=true":  { "model": "macawsbridgesatmospheric:block/bridge/rail/rosewood_powered", "y": 90},
		"facing=west,powered=true":  { "model": "macawsbridgesatmospheric:block/bridge/rail/rosewood_powered"}			
    }
}


