{
    "variants": {                                                                        
        "facing=north,powered=false":  { "model": "macawsbridgesenvironmental:block/bridge/rail/wisteria", "y": 90},
		"facing=east,powered=false":  { "model": "macawsbridgesenvironmental:block/bridge/rail/wisteria"},
		"facing=south,powered=false":  { "model": "macawsbridgesenvironmental:block/bridge/rail/wisteria", "y": 90},
		"facing=west,powered=false":  { "model": "macawsbridgesenvironmental:block/bridge/rail/wisteria"},

		"facing=north,powered=true":  { "model": "macawsbridgesenvironmental:block/bridge/rail/wisteria_powered", "y": 90},
		"facing=east,powered=true":  { "model": "macawsbridgesenvironmental:block/bridge/rail/wisteria_powered"},
		"facing=south,powered=true":  { "model": "macawsbridgesenvironmental:block/bridge/rail/wisteria_powered", "y": 90},
		"facing=west,powered=true":  { "model": "macawsbridgesenvironmental:block/bridge/rail/wisteria_powered"}			
    }
}


