{
    "variants": {                                                                        
        "facing=north,powered=false":  { "model": "macawsbridgesatmospheric:block/bridge/rail/yucca", "y": 90},
		"facing=east,powered=false":  { "model": "macawsbridgesatmospheric:block/bridge/rail/yucca"},
		"facing=south,powered=false":  { "model": "macawsbridgesatmospheric:block/bridge/rail/yucca", "y": 90},
		"facing=west,powered=false":  { "model": "macawsbridgesatmospheric:block/bridge/rail/yucca"},

		"facing=north,powered=true":  { "model": "macawsbridgesatmospheric:block/bridge/rail/yucca_powered", "y": 90},
		"facing=east,powered=true":  { "model": "macawsbridgesatmospheric:block/bridge/rail/yucca_powered"},
		"facing=south,powered=true":  { "model": "macawsbridgesatmospheric:block/bridge/rail/yucca_powered", "y": 90},
		"facing=west,powered=true":  { "model": "macawsbridgesatmospheric:block/bridge/rail/yucca_powered"}			
    }
}


