{
    "variants": {                                                                        
        "facing=north,powered=false":  { "model": "mcwbridgesmoddinglegacy:block/bridge/rail/bsky_dusk", "y": 90},
		"facing=east,powered=false":  { "model": "mcwbridgesmoddinglegacy:block/bridge/rail/bsky_dusk"},
		"facing=south,powered=false":  { "model": "mcwbridgesmoddinglegacy:block/bridge/rail/bsky_dusk", "y": 90},
		"facing=west,powered=false":  { "model": "mcwbridgesmoddinglegacy:block/bridge/rail/bsky_dusk"},

		"facing=north,powered=true":  { "model": "mcwbridgesmoddinglegacy:block/bridge/rail/bsky_dusk_powered", "y": 90},
		"facing=east,powered=true":  { "model": "mcwbridgesmoddinglegacy:block/bridge/rail/bsky_dusk_powered"},
		"facing=south,powered=true":  { "model": "mcwbridgesmoddinglegacy:block/bridge/rail/bsky_dusk_powered", "y": 90},
		"facing=west,powered=true":  { "model": "mcwbridgesmoddinglegacy:block/bridge/rail/bsky_dusk_powered"}			
    }
}


