{
    "variants": {                                                                        
        "facing=north,powered=false":  { "model": "mcwbridgesmoddinglegacy:block/bridge/rail/bsky_starlit", "y": 90},
		"facing=east,powered=false":  { "model": "mcwbridgesmoddinglegacy:block/bridge/rail/bsky_starlit"},
		"facing=south,powered=false":  { "model": "mcwbridgesmoddinglegacy:block/bridge/rail/bsky_starlit", "y": 90},
		"facing=west,powered=false":  { "model": "mcwbridgesmoddinglegacy:block/bridge/rail/bsky_starlit"},

		"facing=north,powered=true":  { "model": "mcwbridgesmoddinglegacy:block/bridge/rail/bsky_starlit_powered", "y": 90},
		"facing=east,powered=true":  { "model": "mcwbridgesmoddinglegacy:block/bridge/rail/bsky_starlit_powered"},
		"facing=south,powered=true":  { "model": "mcwbridgesmoddinglegacy:block/bridge/rail/bsky_starlit_powered", "y": 90},
		"facing=west,powered=true":  { "model": "mcwbridgesmoddinglegacy:block/bridge/rail/bsky_starlit_powered"}			
    }
}


