{
    "variants": {                                                                        
        "facing=north,powered=false":  { "model": "mcwbridgesmoddinglegacy:block/bridge/rail/pwood_magic", "y": 90},
		"facing=east,powered=false":  { "model": "mcwbridgesmoddinglegacy:block/bridge/rail/pwood_magic"},
		"facing=south,powered=false":  { "model": "mcwbridgesmoddinglegacy:block/bridge/rail/pwood_magic", "y": 90},
		"facing=west,powered=false":  { "model": "mcwbridgesmoddinglegacy:block/bridge/rail/pwood_magic"},

		"facing=north,powered=true":  { "model": "mcwbridgesmoddinglegacy:block/bridge/rail/pwood_magic_powered", "y": 90},
		"facing=east,powered=true":  { "model": "mcwbridgesmoddinglegacy:block/bridge/rail/pwood_magic_powered"},
		"facing=south,powered=true":  { "model": "mcwbridgesmoddinglegacy:block/bridge/rail/pwood_magic_powered", "y": 90},
		"facing=west,powered=true":  { "model": "mcwbridgesmoddinglegacy:block/bridge/rail/pwood_magic_powered"}			
    }
}


