{
    "variants": {                                                                        
        "facing=north,powered=false":  { "model": "macawsbridgesbop:block/bridge/rail/hellbark", "y": 90},
		"facing=east,powered=false":  { "model": "macawsbridgesbop:block/bridge/rail/hellbark"},
		"facing=south,powered=false":  { "model": "macawsbridgesbop:block/bridge/rail/hellbark", "y": 90},
		"facing=west,powered=false":  { "model": "macawsbridgesbop:block/bridge/rail/hellbark"},

		"facing=north,powered=true":  { "model": "macawsbridgesbop:block/bridge/rail/hellbark_powered", "y": 90},
		"facing=east,powered=true":  { "model": "macawsbridgesbop:block/bridge/rail/hellbark_powered"},
		"facing=south,powered=true":  { "model": "macawsbridgesbop:block/bridge/rail/hellbark_powered", "y": 90},
		"facing=west,powered=true":  { "model": "macawsbridgesbop:block/bridge/rail/hellbark_powered"}			
    }
}