{
    "variants": {                                                                        
        "facing=north,powered=false":  { "model": "macawsbridgesbop:block/bridge/rail/palm", "y": 90},
		"facing=east,powered=false":  { "model": "macawsbridgesbop:block/bridge/rail/palm"},
		"facing=south,powered=false":  { "model": "macawsbridgesbop:block/bridge/rail/palm", "y": 90},
		"facing=west,powered=false":  { "model": "macawsbridgesbop:block/bridge/rail/palm"},

		"facing=north,powered=true":  { "model": "macawsbridgesbop:block/bridge/rail/palm_powered", "y": 90},
		"facing=east,powered=true":  { "model": "macawsbridgesbop:block/bridge/rail/palm_powered"},
		"facing=south,powered=true":  { "model": "macawsbridgesbop:block/bridge/rail/palm_powered", "y": 90},
		"facing=west,powered=true":  { "model": "macawsbridgesbop:block/bridge/rail/palm_powered"}			
    }
}