{
    "variants": {                                                                        
        "facing=north,powered=false":  { "model": "macawsbridgesbop:block/bridge/rail/umbran", "y": 90},
		"facing=east,powered=false":  { "model": "macawsbridgesbop:block/bridge/rail/umbran"},
		"facing=south,powered=false":  { "model": "macawsbridgesbop:block/bridge/rail/umbran", "y": 90},
		"facing=west,powered=false":  { "model": "macawsbridgesbop:block/bridge/rail/umbran"},

		"facing=north,powered=true":  { "model": "macawsbridgesbop:block/bridge/rail/umbran_powered", "y": 90},
		"facing=east,powered=true":  { "model": "macawsbridgesbop:block/bridge/rail/umbran_powered"},
		"facing=south,powered=true":  { "model": "macawsbridgesbop:block/bridge/rail/umbran_powered", "y": 90},
		"facing=west,powered=true":  { "model": "macawsbridgesbop:block/bridge/rail/umbran_powered"}			
    }
}