{
    "variants": {                                                                        
        "facing=north,powered=false":  { "model": "mcwbridgessajevius:block/bridge/rail/purple_hard_mushroom", "y": 90},
		"facing=east,powered=false":  { "model": "mcwbridgessajevius:block/bridge/rail/purple_hard_mushroom"},
		"facing=south,powered=false":  { "model": "mcwbridgessajevius:block/bridge/rail/purple_hard_mushroom", "y": 90},
		"facing=west,powered=false":  { "model": "mcwbridgessajevius:block/bridge/rail/purple_hard_mushroom"},

		"facing=north,powered=true":  { "model": "mcwbridgessajevius:block/bridge/rail/purple_hard_mushroom_powered", "y": 90},
		"facing=east,powered=true":  { "model": "mcwbridgessajevius:block/bridge/rail/purple_hard_mushroom_powered"},
		"facing=south,powered=true":  { "model": "mcwbridgessajevius:block/bridge/rail/purple_hard_mushroom_powered", "y": 90},
		"facing=west,powered=true":  { "model": "mcwbridgessajevius:block/bridge/rail/purple_hard_mushroom_powered"}			
    }
}


