{"multipart":[{
"when": { "AND": [  {"north": "false","east": "false","west": "false","south": "false"} ]},
"apply": { "model": "macawsbridgesbetterlands:block/support_pier/stone/cyan_terracotta_bricks_pillar_single"}},{
"when": { "AND": [  {"north": "true","east": "false","west": "false","south": "true"} ]},
"apply": { "model": "macawsbridgesbetterlands:block/support_pier/stone/cyan_terracotta_bricks_pillar_middle", "y": 90}},{
"when": { "AND": [  {"north": "false","east": "true","west": "true","south": "false"} ]},
"apply": { "model": "macawsbridgesbetterlands:block/support_pier/stone/cyan_terracotta_bricks_pillar_middle"}},{
"when": { "AND": [  {"north": "true","east": "true","west": "true","south": "true"} ]},
"apply": { "model": "macawsbridgesbetterlands:block/support_pier/stone/cyan_terracotta_bricks_pillar_single"}},{
"when": { "AND": [  {"north": "true","east": "true","west": "true","south": "false"} ]},
"apply": { "model": "macawsbridgesbetterlands:block/support_pier/stone/cyan_terracotta_bricks_pillar_single"}},{
"when": { "AND": [  {"north": "true","east": "true","west": "false","south": "true"} ]},
"apply": { "model": "macawsbridgesbetterlands:block/support_pier/stone/cyan_terracotta_bricks_pillar_single"}},{
"when": { "AND": [  {"north": "false","east": "true","west": "true","south": "true"} ]},
"apply": { "model": "macawsbridgesbetterlands:block/support_pier/stone/cyan_terracotta_bricks_pillar_single"}},{
"when": { "AND": [  {"north": "true","east": "false","west": "true","south": "true"} ]},
"apply": { "model": "macawsbridgesbetterlands:block/support_pier/stone/cyan_terracotta_bricks_pillar_single"}},{
"when": { "AND": [  {"north": "true","east": "false","west": "true","south": "false"} ]},
"apply": { "model": "macawsbridgesbetterlands:block/support_pier/stone/cyan_terracotta_bricks_pillar_single"}},{
"when": { "AND": [  {"north": "true","east": "true","west": "false","south": "false"} ]},
"apply": { "model": "macawsbridgesbetterlands:block/support_pier/stone/cyan_terracotta_bricks_pillar_single"}},{
"when": { "AND": [  {"north": "false","east": "true","west": "false","south": "true"} ]},
"apply": { "model": "macawsbridgesbetterlands:block/support_pier/stone/cyan_terracotta_bricks_pillar_single"}},{
"when": { "AND": [  {"north": "false","east": "false","west": "true","south": "true"} ]},
"apply": { "model": "macawsbridgesbetterlands:block/support_pier/stone/cyan_terracotta_bricks_pillar_single"}},{
"when": { "AND": [  {"north": "true","east": "false","west": "false","south": "false"} ]},
"apply": { "model": "macawsbridgesbetterlands:block/support_pier/stone/cyan_terracotta_bricks_pillar_side", "y": 90}},{
"when": { "AND": [  {"north": "false","east": "true","west": "false","south": "false"} ]},
"apply": { "model": "macawsbridgesbetterlands:block/support_pier/stone/cyan_terracotta_bricks_pillar_side", "y": 180}},{
"when": { "AND": [  {"north": "false","east": "false","west": "false","south": "true"} ]},
"apply": { "model": "macawsbridgesbetterlands:block/support_pier/stone/cyan_terracotta_bricks_pillar_side", "y": 270}},{
"when": { "AND": [  {"north": "false","east": "false","west": "true","south": "false"} ]},
"apply": { "model": "macawsbridgesbetterlands:block/support_pier/stone/cyan_terracotta_bricks_pillar_side"}}]}