{"multipart": [{ "when": { "AND": [  {"north": "false","east": "false","west": "false","south": "false"} ]},
"apply": { "model": "macawsbridgesbyg:block/support_pier/wooden/pine_pillar_single"}},{
"when": { "AND": [  {"north": "true","east": "false","west": "false","south": "true"} ]},
"apply": { "model": "macawsbridgesbyg:block/support_pier/wooden/pine_pillar_middle", "y": 90}},{
"when": { "AND": [  {"north": "false","east": "true","west": "true","south": "false"} ]},
"apply": { "model": "macawsbridgesbyg:block/support_pier/wooden/pine_pillar_middle"}},{
"when": { "AND": [  {"north": "true","east": "true","west": "true","south": "true"} ]},
"apply": { "model": "macawsbridgesbyg:block/support_pier/wooden/pine_pillar_single"}},{
"when": { "AND": [  {"north": "true","east": "true","west": "true","south": "false"} ]},
"apply": { "model": "macawsbridgesbyg:block/support_pier/wooden/pine_pillar_single"}},{
"when": { "AND": [  {"north": "true","east": "true","west": "false","south": "true"} ]},
"apply": { "model": "macawsbridgesbyg:block/support_pier/wooden/pine_pillar_single"}},{
"when": { "AND": [  {"north": "false","east": "true","west": "true","south": "true"} ]},
"apply": { "model": "macawsbridgesbyg:block/support_pier/wooden/pine_pillar_single"}},{
"when": { "AND": [  {"north": "true","east": "false","west": "true","south": "true"} ]},
"apply": { "model": "macawsbridgesbyg:block/support_pier/wooden/pine_pillar_single"}},{
"when": { "AND": [  {"north": "true","east": "false","west": "true","south": "false"} ]},
"apply": { "model": "macawsbridgesbyg:block/support_pier/wooden/pine_pillar_corner"}},{
"when": { "AND": [  {"north": "true","east": "true","west": "false","south": "false"} ]},
"apply": { "model": "macawsbridgesbyg:block/support_pier/wooden/pine_pillar_corner", "y": 90}},{
"when": { "AND": [  {"north": "false","east": "true","west": "false","south": "true"} ]},
"apply": { "model": "macawsbridgesbyg:block/support_pier/wooden/pine_pillar_corner", "y": 180}},{
"when": { "AND": [  {"north": "false","east": "false","west": "true","south": "true"} ]},
"apply": { "model": "macawsbridgesbyg:block/support_pier/wooden/pine_pillar_corner", "y": 270}},{
"when": { "AND": [  {"north": "true","east": "false","west": "false","south": "false"} ]},
"apply": { "model": "macawsbridgesbyg:block/support_pier/wooden/pine_pillar_side", "y": 90}},{
"when": { "AND": [  {"north": "false","east": "true","west": "false","south": "false"} ]},
"apply": { "model": "macawsbridgesbyg:block/support_pier/wooden/pine_pillar_side", "y": 180}},{
"when": { "AND": [  {"north": "false","east": "false","west": "false","south": "true"} ]},
"apply": { "model": "macawsbridgesbyg:block/support_pier/wooden/pine_pillar_side", "y": 270}},{
"when": { "AND": [  {"north": "false","east": "false","west": "true","south": "false"} ]},
"apply": { "model": "macawsbridgesbyg:block/support_pier/wooden/pine_pillar_side"}}]}