{
    "type": "minecraft:crafting_shaped",
    
    "pattern": [
    "WFW"
    ],
    
    "key":
    {
        "F":
        {
            "item": "enhanced_mushrooms:red_mushroom_fence"
        },
        
        "W":
        {
            "item": "enhanced_mushrooms:red_mushroom_stem"
        }
    },
    
    "result":
    {
        "item":  "mcwbridgesaurora:red_mushroom_bridge_pier",
        "count": 3
    },
    "conditions": [
    {
      "type": "forge:mod_loaded",
      "modid": "enhanced_mushrooms"
    }
  ]
}