{
    "type": "minecraft:crafting_shaped",
    
    "pattern": [
    "F F",
    "WWW"
    ],
    
    "key":
    {
        "F":
        {
            "item": "minecraft:string"
        },
        
        "W":
        {
            "item": "enhanced_mushrooms:brown_mushroom_slab"
        }
    },
    
    "result":
    {
        "item":  "mcwbridgesaurora:rope_brown_mushroom_bridge",
        "count": 4
    },
    "conditions": [
    {
      "type": "forge:mod_loaded",
      "modid": "enhanced_mushrooms"
    }
  ]
}