{
    "type": "minecraft:crafting_shaped",
    
    "pattern": [
    "F F",
    "WWW"
    ],
    
    "key":
    {
        "F":
        {
            "item": "buzzier_bees:honeycomb_tile_wall"
        },
        
        "W":
        {
            "item": "buzzier_bees:honeycomb_tile_slab"
        }
    },
    
    "result":
    {
        "item":  "mcwbridgesabnormals:honeycomb_tile_bridge",
        "count": 4
    },
    "conditions": [
    {
      "type": "forge:mod_loaded",
      "modid": "buzzier_bees"
    }
  ]
}