{
    "variants": {                                                                        
        "facing=north,powered=false":  { "model": "macawsbridgesbyg:block/bridge/rail/ebony", "y": 90},
		"facing=east,powered=false":  { "model": "macawsbridgesbyg:block/bridge/rail/ebony"},
		"facing=south,powered=false":  { "model": "macawsbridgesbyg:block/bridge/rail/ebony", "y": 90},
		"facing=west,powered=false":  { "model": "macawsbridgesbyg:block/bridge/rail/ebony"},

		"facing=north,powered=true":  { "model": "macawsbridgesbyg:block/bridge/rail/ebony_powered", "y": 90},
		"facing=east,powered=true":  { "model": "macawsbridgesbyg:block/bridge/rail/ebony_powered"},
		"facing=south,powered=true":  { "model": "macawsbridgesbyg:block/bridge/rail/ebony_powered", "y": 90},
		"facing=west,powered=true":  { "model": "macawsbridgesbyg:block/bridge/rail/ebony_powered"}			
    }
}


