{
    "variants": {                                                                        
        "facing=north,powered=false":  { "model": "macawsbridgesbyg:block/bridge/rail/green_enchanted", "y": 90},
		"facing=east,powered=false":  { "model": "macawsbridgesbyg:block/bridge/rail/green_enchanted"},
		"facing=south,powered=false":  { "model": "macawsbridgesbyg:block/bridge/rail/green_enchanted", "y": 90},
		"facing=west,powered=false":  { "model": "macawsbridgesbyg:block/bridge/rail/green_enchanted"},

		"facing=north,powered=true":  { "model": "macawsbridgesbyg:block/bridge/rail/green_enchanted_powered", "y": 90},
		"facing=east,powered=true":  { "model": "macawsbridgesbyg:block/bridge/rail/green_enchanted_powered"},
		"facing=south,powered=true":  { "model": "macawsbridgesbyg:block/bridge/rail/green_enchanted_powered", "y": 90},
		"facing=west,powered=true":  { "model": "macawsbridgesbyg:block/bridge/rail/green_enchanted_powered"}			
    }
}


