{
    "variants": {                                                                        
        "facing=north,powered=false":  { "model": "macawsbridgesbyg:block/bridge/rail/imparius", "y": 90},
		"facing=east,powered=false":  { "model": "macawsbridgesbyg:block/bridge/rail/imparius"},
		"facing=south,powered=false":  { "model": "macawsbridgesbyg:block/bridge/rail/imparius", "y": 90},
		"facing=west,powered=false":  { "model": "macawsbridgesbyg:block/bridge/rail/imparius"},

		"facing=north,powered=true":  { "model": "macawsbridgesbyg:block/bridge/rail/imparius_powered", "y": 90},
		"facing=east,powered=true":  { "model": "macawsbridgesbyg:block/bridge/rail/imparius_powered"},
		"facing=south,powered=true":  { "model": "macawsbridgesbyg:block/bridge/rail/imparius_powered", "y": 90},
		"facing=west,powered=true":  { "model": "macawsbridgesbyg:block/bridge/rail/imparius_powered"}			
    }
}


