{
    "variants": {                                                                        
        "facing=north,powered=false":  { "model": "macawsbridgesbyg:block/bridge/rail/mangrove", "y": 90},
		"facing=east,powered=false":  { "model": "macawsbridgesbyg:block/bridge/rail/mangrove"},
		"facing=south,powered=false":  { "model": "macawsbridgesbyg:block/bridge/rail/mangrove", "y": 90},
		"facing=west,powered=false":  { "model": "macawsbridgesbyg:block/bridge/rail/mangrove"},

		"facing=north,powered=true":  { "model": "macawsbridgesbyg:block/bridge/rail/mangrove_powered", "y": 90},
		"facing=east,powered=true":  { "model": "macawsbridgesbyg:block/bridge/rail/mangrove_powered"},
		"facing=south,powered=true":  { "model": "macawsbridgesbyg:block/bridge/rail/mangrove_powered", "y": 90},
		"facing=west,powered=true":  { "model": "macawsbridgesbyg:block/bridge/rail/mangrove_powered"}			
    }
}


