{
    "variants": {                                                                        
        "facing=north,powered=false":  { "model": "macawsbridgesbyg:block/bridge/rail/rainbow_eucalyptus", "y": 90},
		"facing=east,powered=false":  { "model": "macawsbridgesbyg:block/bridge/rail/rainbow_eucalyptus"},
		"facing=south,powered=false":  { "model": "macawsbridgesbyg:block/bridge/rail/rainbow_eucalyptus", "y": 90},
		"facing=west,powered=false":  { "model": "macawsbridgesbyg:block/bridge/rail/rainbow_eucalyptus"},

		"facing=north,powered=true":  { "model": "macawsbridgesbyg:block/bridge/rail/rainbow_eucalyptus_powered", "y": 90},
		"facing=east,powered=true":  { "model": "macawsbridgesbyg:block/bridge/rail/rainbow_eucalyptus_powered"},
		"facing=south,powered=true":  { "model": "macawsbridgesbyg:block/bridge/rail/rainbow_eucalyptus_powered", "y": 90},
		"facing=west,powered=true":  { "model": "macawsbridgesbyg:block/bridge/rail/rainbow_eucalyptus_powered"}			
    }
}


