{
    "variants": {                                                                        
        "facing=north,powered=false":  { "model": "macawsbridgesbyg:block/bridge/rail/redwood", "y": 90},
		"facing=east,powered=false":  { "model": "macawsbridgesbyg:block/bridge/rail/redwood"},
		"facing=south,powered=false":  { "model": "macawsbridgesbyg:block/bridge/rail/redwood", "y": 90},
		"facing=west,powered=false":  { "model": "macawsbridgesbyg:block/bridge/rail/redwood"},

		"facing=north,powered=true":  { "model": "macawsbridgesbyg:block/bridge/rail/redwood_powered", "y": 90},
		"facing=east,powered=true":  { "model": "macawsbridgesbyg:block/bridge/rail/redwood_powered"},
		"facing=south,powered=true":  { "model": "macawsbridgesbyg:block/bridge/rail/redwood_powered", "y": 90},
		"facing=west,powered=true":  { "model": "macawsbridgesbyg:block/bridge/rail/redwood_powered"}			
    }
}


