{
    "variants": {                                                                        
        "facing=north,powered=false":  { "model": "macawsbridgesbyg:block/bridge/rail/zelkova", "y": 90},
		"facing=east,powered=false":  { "model": "macawsbridgesbyg:block/bridge/rail/zelkova"},
		"facing=south,powered=false":  { "model": "macawsbridgesbyg:block/bridge/rail/zelkova", "y": 90},
		"facing=west,powered=false":  { "model": "macawsbridgesbyg:block/bridge/rail/zelkova"},

		"facing=north,powered=true":  { "model": "macawsbridgesbyg:block/bridge/rail/zelkova_powered", "y": 90},
		"facing=east,powered=true":  { "model": "macawsbridgesbyg:block/bridge/rail/zelkova_powered"},
		"facing=south,powered=true":  { "model": "macawsbridgesbyg:block/bridge/rail/zelkova_powered", "y": 90},
		"facing=west,powered=true":  { "model": "macawsbridgesbyg:block/bridge/rail/zelkova_powered"}			
    }
}


